"","WR_WATER_RIGHT_ID","APPLICATION_NUMBER","STATEMENT_ID","CERTIFICATE_ID","PERMIT_ID","LICENSE_ID","WATER_RIGHT_TYPE","WATER_RIGHT_STATUS","PRIMARY_OWNER","PETITION_ID","PETITION_NUMBER","PETITION_TYPE","PETITION_STATUS","PETITION_DESCRIPTION","PETITION_DATE_RECEIVED","PETITION_DATE_COMPLETED","RELATED_WR_BY_PETITION","PET_SOURCE","HUC_8","HUC_12","PET_WATERSHED","COUNTY_OF_ORIGIN","PET_PRIMARY_OWNER","PETITION_ASSIGNED_STATUS","PETITION_ASSIGNED_TO","WC_SECTION_1707_FLAG","INVOLVE_TRANSFER","REQUESTED_TRANSFER_AMOUNT","APPROVED_TRANSFER_AMOUNT","TYPE_OF_TRANSFER","AGENCY_APPROVAL","COMMENTS_RECEIVED_FLAG","TOTAL_NUM_SELLERS","SELLER_1","SELLER_2","TOTAL_NUM_BUYERS","BUYER_1","BUYER_2","BUYER_3","BUYER_4","BUYER_5","BUYER_6","BUYER_7","BUYER_8","BUYER_9","BUYER_10","COMMENT_DEADLINE_DATE","DEADLINE_ORDER_WITHOUT_COMMENT","DEADLINE_ORDER_WITH_COMMENT","DATE_TRANSFER_END","NUM_RELATED_PETITIONS","RELATED_PETITION_1","RELATED_PETITION_2","RELATED_PETITION_3","RELATED_PETITION_4","PET_RPOGRAM_UNIT","STAFF_ASSIGNED","NOTICE_REQUIRED_FLAG","NUM_COMMENT","NUM_ATTACHMENT","LAST_UPDATE_DATE","ON_DIVERTED_OR_USE_FLAG","COMMENT_FIELD","PUBLIC_NOTICE","PUBLIC_NOTICE_DATE","PUBLIC_NOTICE_COMMENT","PETITION_HOLD","PETITION_HOLD_DATE","PETITION_HOLD_COMMENT","PETITION_DIVERTED","PETITION_DIVERTED_DATE","PETITION_DIVERTED_COMMENT","CEQA","CEQA_DATE","CEQA_COMMENT","APPLICATION_FAILED","APPLICATION_FAILED_DATE","APPLICATION_FAILED_COMMENT","NUM_RELATED_NOTICE","NOTICE_ID_1","NOTICE_APPLICATION_LIST_1","NOTICE_TYPE_1","NOTICE_DESCRIPTION_1","NOTICE_PERIOD_DAYS_1","NOTICE_PERIOD_OTHER_1","START_DATE_1","END_DATE_1","NOTICE_LAST_UPDATE_DATE_1","NUM_ATTACHMENT_1","NOTICE_ID_2","NOTICE_APPLICATION_LIST_2","NOTICE_TYPE_2","NOTICE_DESCRIPTION_2","NOTICE_PERIOD_DAYS_2","NOTICE_PERIOD_OTHER_2","START_DATE_2","END_DATE_2","NOTICE_LAST_UPDATE_DATE_2","NUM_ATTACHMENT_2","NOTICE_ID_3","NOTICE_APPLICATION_LIST_3","NOTICE_TYPE_3","NOTICE_DESCRIPTION_3","NOTICE_PERIOD_DAYS_3","NOTICE_PERIOD_OTHER_3","START_DATE_3","END_DATE_3","NOTICE_LAST_UPDATE_DATE_3","NUM_ATTACHMENT_3","FINAL_BILLING_DETERMINATION","USER_NAME","PET_DATE","APPLICATION_NUMBER_PARTY","PWSS_ID","PRIORITY_DATE","RECEIPT_DATE","REJECTION_DATE","APPLICATION_RECD_DATE","APPLICATION_ACCEPTANCE_DATE","PROJECT_TYPE","RECORD_SUMMARY","INCOMPLETE_STATEMENT","NUMBER_OF_PROTESTS","AGENT_NAME","AGENT_ENTITY_TYPE","APPLICATION_PRIMARY_OWNER","PRIMARY_OWNER_ENTITY_TYPE","SUB_TYPE","INI_REPORTED_DIV_AMOUNT","INI_REPORTED_DIV_UNIT","FACE_VALUE_AMOUNT","FACE_VALUE_UNITS","FEE_DUE","FEE_RECEIVED","APPL_FEE_AMOUNT","APPL_FEE_AMT_RECD","MAX_DD_APPL","MAX_DD_UNITS","MAX_DD_ANN","MAX_STORAGE","MAX_TAKEN_FROM_SOURCE","YEAR_DIVERSION_COMMENCED","MAX_BENEFICIALLY_USED","SUPPLEMENTAL_STATEMENT_CYCLE","TYPE_OF_DIVERSION_FACILITY","QUANTITY_OF_WATER_DIVERTED","QOW_DIVERTED_UNIT","QUANTITY_MEASUREMENT_YEAR","MAX_RATE_OF_DIVERSION","MAX_RATE_OF_DIV_UNIT","RECENT_WATER_USE_MIN","WATER_USE_MIN_UNIT","RECENT_WATER_USE_MAX","WATER_USE_MAX_UNIT","REQUEST_FOR_REVOCATION_RECD","NUM_COMMENTS","NUM_ATTACHMENTS","APP_LAST_UPDATE_DATE","STATE_WELL_NUMBER","DRILLED_WELL_YEAR","SURFACE_WATER_DIVERSIONS","DEPTH_OF_WELL","RELATIONSHIP_TYPE","PARTY_ID","EFFECTIVE_FROM_DATE","EFFECTIVE_TO_DATE","LAST_NAME_OR_COMPANY_NAME","MIDDLE_NAME","FIRST_NAME","PRIMARY_OWNER_NAME","PRIMARY_OWNER_ENTITY_TYPE_P","OFFICIAL_MAIL_RECEIVER","COUNT_NPO_OR_OTHER","CURRENT_STATUS","EFFECTIVE_DATE","UPDATE_DATETIME","USE_CODE","USE_STATUS","NUMBER_OF_RESIDENCES","SEPERATELY_OWNED","USE_POPULATION","USE_POPULATION_PEOPLE","ESTIMATED_USE_PER_PERSON","USE_POPULATION_STOCK","TYPE_OF_STOCK","AREA_FOR_INCI_IRRIGATION","USE_NET_ACREAGE","USE_GROSS_ACREAGE","USE_DIRECT_DIV_ANNUAL_AMOUNT","USE_DIRECT_DIVERSION_RATE","USE_DIRECT_DIV_RATE_UNITS","POU_DEVELOPMENT_STATUS","DIRECT_DIV_SEASON_START","DIRECT_DIV_SEASON_END","USE_STORAGE_AMOUNT","STORAGE_SEASON_START","STORAGE_SEASON_END","SEASON_DIRECT_DIV_RATE","SEASON_STORAGE_AMOUNT","SEASON_DIRECT_DIV_AA","DIRECT_DIV_SEASON_STATUS","COLLECTION_SEASON_STATUS","USE_COUNT","POD_NUMBER","POD_ID","POD_STATUS","SOURCE_TYPE","POD_NAME","POD_TYPE","DIVERSION_WORKS_STATUS","STREAM_CLASSIFICATION","DIRECT_DIV_AMOUNT","DIRECT_DIVERSION_RATE","DIRECT_DIV_RATE_UNIT","STORAGE_AMOUNT","DIVERSION_RATE_TO_OFF_STREAM","OFF_STO_DIV_RATE_UNIT","POD_LAST_UPDATE_DATE","POD_COUNT","APPL_ID","OBJECTID","POD_NUMBER_GIS","HAS_OPOD","APPL_POD","POD_ID_GIS","COUNTY","PARCEL_NUMBER","SP_ZONE","DIVERSION_SITE_NAME","NORTH_COORD","EAST_COORD","LATITUDE","LONGITUDE","QUARTER_QUARTER","QUARTER","SECTION_CLASSIFIER","SECTION_NUMBER","TOWNSHIP_NUMBER","TOWNSHIP_DIRECTION","RANGE_NUMBER","RANGE_DIRECTION","MERIDIAN","LOCATION_METHOD","SPECIAL_USE_AREA","SOURCE_NAME","TRIB_DESC","WATERSHED","HUC_12_NUMBER","HUC_12_NAME","HUC_8_NUMBER","HUC_8_NAME","QUAD_MAP_NAME","QUAD_MAP_NUMBER","PERMIT_PERMIT_ID","PERMIT_ORIGINAL_ISSUE_DATE","COMPLETE_CONSTRUCTION_DATE","COMPLETE_APPLIC_WATER_DATE","LICENSE_LICENSE_ID","LICENSE_ORIGINAL_ISSUE_DATE","WATER_RIGHT_DESCRIPTION","PROGRAM_UNIT","LICENSE_REQUEST_TYPE","LICENSE_REQUESTED_DATE","INSPECTION_DATE","REPORT_DATE","OFFER_SENT_DATE","ACCEPTED_OFFER_DATE","ENF_CASE_NUMBER","ENF_CASE_START_DATE","ENF_CASE_CLOSURE_DATE","ENF_CASE_COUNTY","NUMBER_OF_ENFORCEMENT_CASE"
"1",56,"A000448","","","000501","","Appropriative","Permitted","GRENADA IRRIGATION DISTRICT",17515,"A000448P017515","Change","Pending","Changes proposed include the place of use and purpose of use.","10/7/2020 12:00:00 AM","","No","SHASTA RIVER","Shasta","Big Springs Creek-Shasta River","KLAMATH RIVER","","GRENADA IRRIGATION DISTRICT","Pending","Matthew McCarthy","Y","No",NA,NA,"","","",NA,"","",NA,"","","","","","","","","","","","","","",NA,"","","","",NA,NA,"Y",NA,5,"10/27/2020 8:47:26 AM","N","","No","","","No","","","No","","","Not Determined","","","Not Determined","","",NA,NA,"","","","","","","","",NA,NA,"","","","","","","","",NA,NA,"","","","","","","","",NA,"Not Determined","Alexandre Balcerzak","10/27/2020 8:47:26 AM","A000448",NA,"","","","","8/28/1916 12:00:00 AM","Major","Migrated data from old WRIMS system.","",0,"Paul  Willis","Individual","GRENADA IRRIGATION DISTRICT","Government (State/Municipal)","",NA,"",14598.6,"Acre-feet per Year",50,50,50,50,40,"Cubic Feet per Second",0,0,14598.6,NA,0,"","",NA,"",NA,NA,"",NA,"",NA,"","",0,0,"1/29/2013 8:09:55 AM",NA,NA,NA,NA,"Primary Owner",408707,"9/15/1994 12:00:00 AM",NA,"GRENADA IRRIGATION DISTRICT","","","GRENADA IRRIGATION DISTRICT","Government (State/Municipal)","N",1,"Permitted","8/28/1916 12:00:00 AM","9/28/2007 6:35:41 PM","Irrigation","Migrated from old WRIMS data",NA,"",0,NA,NA,NA,NA,NA,4144,0,0,NA,"","","4/1","10/1",0,"","",NA,0,NA,"Migrated from old WRIMS data","Migrated from old WRIMS data",1,"01",10461,"Active","","","Point of Direct Diversion","","",0,40,"Cubic Feet per Second",0,NA,"","9/28/2007 6:55:24 PM",1,"A000448",87319,"01","N","A000448_01",10461,"Siskiyou","",1,"",2469884.13534011,6431760.44883861,41.60919323,-122.47502709,"NW","NW"," ",6,43,"N",5,"W","Mount Diablo","DD_NE","FULLY APPROPRIATED STREAM,KLAMATH WATERSHED","SHASTA RIVER","","KLAMATH RIVER",180102070408,"Big Springs Creek-Shasta River",18010207,"Shasta","LAKE SHASTINA","AA049 ","000501","10/13/1916 12:00:00 AM","7/1/1919 12:00:00 AM","12/1/1937 12:00:00 AM","","","Migrated data from old WRIMS system.",NA,"","11/11/1911 12:00:00 AM","8/2/2002 12:00:00 AM","8/14/2003 12:00:00 AM","","","ENF02094","11/26/2016 12:00:00 AM","8/10/2018 12:00:00 AM","Siskiyou",3
"2",561,"A003544","","","002452","","Appropriative","Permitted","MONTAGUE WATER CONSERVATION DISTRICT",13638,"A003544P013638","Change","Pending","Petition moved to Matt M unit (11/20)","10/26/2015 12:00:00 AM","","No","SHASTA RIVER","Shasta","Lake Shastina-Shasta River","KLAMATH RIVER","","MONTAGUE WATER CONSERVATION DISTRICT","Completed , Pending","Mark Matranga , Matthew McCarthy","Y","No",NA,NA,"","","",NA,"","",NA,"","","","","","","","","","","","","","",NA,"","","","",NA,NA,"Y",NA,2,"11/5/2020 6:47:38 AM","Y","","No","","","No","","","Yes","","Substantial documentation in file regarding the use of water in the City of Montague that is not currently authorized.","No","","","No","","",NA,NA,"","","","","","","","",NA,NA,"","","","","","","","",NA,NA,"","","","","","","","",NA,"Yes","Scott  McFarland","11/5/2020 6:47:38 AM","A003544",NA,"","","","","7/23/1923 12:00:00 AM","","Migrated data from old WRIMS system.","",0,"","","MONTAGUE WATER CONSERVATION DISTRICT","Corporation","",NA,"",35000,"Acre-feet per Year",5,5,5,5,0,"Gallons per Day",0,35000,35000,NA,0,"","",NA,"",NA,NA,"",NA,"",NA,"","N",0,0,"6/27/2014 8:23:36 AM",NA,NA,NA,NA,"Primary Owner",408708,"9/15/1994 12:00:00 AM",NA,"MONTAGUE WATER CONSERVATION DISTRICT","","","MONTAGUE WATER CONSERVATION DISTRICT","Corporation","Y",0,"Permitted","7/23/1923 12:00:00 AM","9/28/2007 6:35:41 PM","Irrigation","Migrated from old WRIMS data",NA,"",0,NA,NA,NA,NA,NA,19500,0,0,NA,"","","","",35000,"10/1","7/1",NA,35000,NA,"Migrated from old WRIMS data","Migrated from old WRIMS data",1,"01",13338,"Active","","","Point of Onstream Storage","","",0,0,"Gallons per Day",35000,NA,"","5/22/2020 3:05:57 PM",1,"A003544",86219,"01","N","A003544_01",13338,"Siskiyou","",1,"",2444850,6459180,41.5409,-122.3744,"SE","SW"," ",25,43,"N",5,"W","Mount Diablo","GIS_NE","FULLY APPROPRIATED STREAM,KLAMATH WATERSHED","SHASTA RIVER","","KLAMATH RIVER",180102070104,"Lake Shastina-Shasta River",18010207,"Shasta","JUNIPER FLAT","AA050 ","002452","4/3/1926 12:00:00 AM","7/1/1930 12:00:00 AM","7/1/1932 12:00:00 AM","","","Migrated data from old WRIMS system.",NA,"","","","","","","","","","",0
"3",561,"A003544","","","002452","","Appropriative","Permitted","MONTAGUE WATER CONSERVATION DISTRICT",17234,"A003544P017234","Transfer Temporary","Completed","Montague Water Conservation District filed a temporary change to transfer up to 200 acre-feet to the City of Montague.","5/1/2020 12:00:00 AM","6/10/2020 12:00:00 AM","No","SHASTA RIVER","Shasta","Lake Shastina-Shasta River","KLAMATH RIVER","Siskiyou","MONTAGUE WATER CONSERVATION DISTRICT","Completed , Pending","Mark Matranga , Matthew McCarthy","","Yes",200,200,"Reservoir Release","State Water Board","",1,"Montague Water Conservation District","",1,"City of Montague","","","","","","","","","","6/5/2020 12:00:00 AM","6/10/2020 12:00:00 AM","6/10/2020 12:00:00 AM","12/31/2020 12:00:00 AM",NA,"","","","",NA,NA,"",NA,2,"6/11/2020 8:55:13 AM","","","Yes","6/5/2020 12:00:00 AM","","No","","","No","","","No","","","No","","",NA,NA,"","","","","","","","",NA,NA,"","","","","","","","",NA,NA,"","","","","","","","",NA,"No","Jane Ling","6/11/2020 8:55:13 AM","A003544",NA,"","","","","7/23/1923 12:00:00 AM","","Migrated data from old WRIMS system.","",0,"","","MONTAGUE WATER CONSERVATION DISTRICT","Corporation","",NA,"",35000,"Acre-feet per Year",5,5,5,5,0,"Gallons per Day",0,35000,35000,NA,0,"","",NA,"",NA,NA,"",NA,"",NA,"","N",0,0,"6/27/2014 8:23:36 AM",NA,NA,NA,NA,"Primary Owner",408708,"9/15/1994 12:00:00 AM",NA,"MONTAGUE WATER CONSERVATION DISTRICT","","","MONTAGUE WATER CONSERVATION DISTRICT","Corporation","Y",0,"Permitted","7/23/1923 12:00:00 AM","9/28/2007 6:35:41 PM","Irrigation","Migrated from old WRIMS data",NA,"",0,NA,NA,NA,NA,NA,19500,0,0,NA,"","","","",35000,"10/1","7/1",NA,35000,NA,"Migrated from old WRIMS data","Migrated from old WRIMS data",1,"01",13338,"Active","","","Point of Onstream Storage","","",0,0,"Gallons per Day",35000,NA,"","5/22/2020 3:05:57 PM",1,"A003544",86219,"01","N","A003544_01",13338,"Siskiyou","",1,"",2444850,6459180,41.5409,-122.3744,"SE","SW"," ",25,43,"N",5,"W","Mount Diablo","GIS_NE","FULLY APPROPRIATED STREAM,KLAMATH WATERSHED","SHASTA RIVER","","KLAMATH RIVER",180102070104,"Lake Shastina-Shasta River",18010207,"Shasta","JUNIPER FLAT","AA050 ","002452","4/3/1926 12:00:00 AM","7/1/1930 12:00:00 AM","7/1/1932 12:00:00 AM","","","Migrated data from old WRIMS system.",NA,"","","","","","","","","","",0
"4",561,"A003544","","","002452","","Appropriative","Permitted","MONTAGUE WATER CONSERVATION DISTRICT",12098,"A003544P012098","Temporary Urgent Change","Completed","Temporarily grants a new Point of Rediversion on the Shasta River near the City of Montague and dedicates instream flow in the Shasta River from Dwinell Dam to the new PORD.","5/16/2014 12:00:00 AM","6/3/2014 12:00:00 AM","No","SHASTA RIVER","Shasta","Lake Shastina-Shasta River","KLAMATH RIVER","","MONTAGUE WATER CONSERVATION DISTRICT","Completed , Pending","Mark Matranga , Matthew McCarthy","Y","No",NA,NA,"","","",NA,"","",NA,"","","","","","","","","","","","","","",NA,"","","","",NA,NA,"Y",NA,NA,"6/4/2014 10:23:13 AM","","","Not Determined","","","Not Determined","","","Not Determined","","","Not Determined","","","Not Determined","","",NA,NA,"","","","","","","","",NA,NA,"","","","","","","","",NA,NA,"","","","","","","","",NA,"Not Determined","Matthew McCarthy","6/4/2014 10:23:13 AM","A003544",NA,"","","","","7/23/1923 12:00:00 AM","","Migrated data from old WRIMS system.","",0,"","","MONTAGUE WATER CONSERVATION DISTRICT","Corporation","",NA,"",35000,"Acre-feet per Year",5,5,5,5,0,"Gallons per Day",0,35000,35000,NA,0,"","",NA,"",NA,NA,"",NA,"",NA,"","N",0,0,"6/27/2014 8:23:36 AM",NA,NA,NA,NA,"Primary Owner",408708,"9/15/1994 12:00:00 AM",NA,"MONTAGUE WATER CONSERVATION DISTRICT","","","MONTAGUE WATER CONSERVATION DISTRICT","Corporation","Y",0,"Permitted","7/23/1923 12:00:00 AM","9/28/2007 6:35:41 PM","Irrigation","Migrated from old WRIMS data",NA,"",0,NA,NA,NA,NA,NA,19500,0,0,NA,"","","","",35000,"10/1","7/1",NA,35000,NA,"Migrated from old WRIMS data","Migrated from old WRIMS data",1,"01",13338,"Active","","","Point of Onstream Storage","","",0,0,"Gallons per Day",35000,NA,"","5/22/2020 3:05:57 PM",1,"A003544",86219,"01","N","A003544_01",13338,"Siskiyou","",1,"",2444850,6459180,41.5409,-122.3744,"SE","SW"," ",25,43,"N",5,"W","Mount Diablo","GIS_NE","FULLY APPROPRIATED STREAM,KLAMATH WATERSHED","SHASTA RIVER","","KLAMATH RIVER",180102070104,"Lake Shastina-Shasta River",18010207,"Shasta","JUNIPER FLAT","AA050 ","002452","4/3/1926 12:00:00 AM","7/1/1930 12:00:00 AM","7/1/1932 12:00:00 AM","","","Migrated data from old WRIMS system.",NA,"","","","","","","","","","",0
"5",4973,"A016392","","006037","010266","006037","Appropriative","Licensed","CITY OF YREKA",3648,"A016392P003648","Change","Completed","PROCESS ANY PROTS RCD. PROT PERIOD ENDS 6/9/07; NOTICED 5/10/07. Trnsfrd-SRH for distribution in Permitting. (CKW 12/15/06) Right for emergency backup supply only, but POU has expanded. Calc total use quantity (AFA) to cap this right & App. 18186.","2/7/2003 12:00:00 AM","9/10/2012 12:00:00 AM","No","YREKA CREEK UNDERFLOW","Shasta","Yreka Creek","KLAMATH RIVER","","CITY OF YREKA","","","","No",NA,NA,"","","",NA,"","",NA,"","","","","","","","","","","","","","",NA,"","","","",NA,NA,"",NA,2,"9/14/2012 1:06:25 PM","","","Not Determined","","","Not Determined","","","Not Determined","","","Not Determined","","","Not Determined","","",NA,NA,"","","","","","","","",NA,NA,"","","","","","","","",NA,NA,"","","","","","","","",NA,"Not Determined","Mark Matranga","9/14/2012 1:06:25 PM","A016392",NA,"","","","","5/24/1955 12:00:00 AM","","Migrated data from old WRIMS system.","",0,"","","CITY OF YREKA","Government (State/Municipal)","",NA,"",1214,"Acre-feet per Year",0,0,0,0,1.68,"Cubic Feet per Second",0,0,1214,NA,0,"","",NA,"",NA,NA,"",NA,"",NA,"","N",0,0,"6/11/2014 4:10:50 PM",NA,NA,NA,NA,"Primary Owner",432321,"9/15/1994 12:00:00 AM",NA,"CITY OF YREKA","","","CITY OF YREKA","Government (State/Municipal)","Y",1,"Licensed","6/6/1960 12:00:00 AM","8/14/2013 3:20:44 PM","Industrial","Added by change order",NA,"",0,NA,NA,NA,NA,NA,0,5490,1214,1.68,"Cubic Feet per Second","Existing","1/1","12/31",0,"","",1.68,0,1214,"Requested when filed","",2,"01",6117,"Active","","","Point of Direct Diversion","","",0,1.68,"Cubic Feet per Second",0,NA,"","9/28/2007 6:55:24 PM",1,"A016392",87367,"01","N","A016392_01",6117,"Siskiyou","",1,"",2518083.63080443,6389860.60678545,41.74073929,-122.6295035,"NW","NW","",23,45,"N",7,"W","Mount Diablo","DD_NE","FULLY APPROPRIATED STREAM,KLAMATH WATERSHED","YREKA CREEK UNDERFLOW","","KLAMATH RIVER",180102070502,"Yreka Creek",18010207,"Shasta","YREKA","AA013","010266","12/20/1955 12:00:00 AM","12/1/1958 12:00:00 AM","12/1/1959 12:00:00 AM","006037","6/6/1960 12:00:00 AM","Migrated data from old WRIMS system.",NA,"Permitee Request","","","","","","","","","",0
"6",6092,"A018186","","009850","011696","009850","Appropriative","Licensed","CITY OF YREKA",10871,"A018186P010871","Change","Completed","Change Place of Use to Conform with A016392 and A022551","8/22/2012 12:00:00 AM","9/10/2012 12:00:00 AM","No","GREENHORN CREEK","Shasta","Yreka Creek","KLAMATH RIVER","","CITY OF YREKA","","","","No",NA,NA,"","","",NA,"","",NA,"","","","","","","","","","","","","","",NA,"","","","",NA,NA,"N",NA,2,"3/4/2013 2:10:42 PM","","","Not Determined","","","Not Determined","","","Not Determined","","","Not Determined","","","Not Determined","","",NA,NA,"","","","","","","","",NA,NA,"","","","","","","","",NA,NA,"","","","","","","","",NA,"Not Determined","Mark Matranga","3/4/2013 2:10:42 PM","A018186",NA,"6/17/1958 12:00:00 AM","6/17/1958 12:00:00 AM","","6/17/1958 12:00:00 AM","6/17/1958 12:00:00 AM","","Amended license issued 9/10/12","",0,"","","CITY OF YREKA","Government (State/Municipal)","",NA,"",285,"Acre-feet per Year",21,21,21,21,0,"Gallons per Day",0,285,285,NA,0,"","",NA,"",NA,NA,"",NA,"",NA,"","N",0,0,"1/9/2018 12:35:04 PM",NA,NA,NA,0,"Primary Owner",432321,"9/15/1994 12:00:00 AM",NA,"CITY OF YREKA","","","CITY OF YREKA","Government (State/Municipal)","Y",1,"Licensed","12/22/1971 12:00:00 AM","1/9/2018 12:36:44 PM","Municipal","Requested when filed",NA,"",NA,NA,NA,NA,NA,NA,0,5490,NA,NA,"","Existing","","",285,"11/1","5/1",NA,285,NA,"","Requested when filed",2,"01",34515,"Active","Surface","","Point of Onstream Storage","Existing","Unknown",NA,NA,"",285,NA,"","1/9/2018 12:41:32 PM",1,"A018186",85914,"01","N","A018186_01",34515,"Siskiyou","",1,"",2506983.55359519,6383810.44893828,41.71015761,-122.65136836,"NE","NE"," ",33,45,"N",7,"W","Mount Diablo","DD_NE","FULLY APPROPRIATED STREAM,KLAMATH WATERSHED","GREENHORN CREEK","","KLAMATH RIVER",180102070502,"Yreka Creek",18010207,"Shasta","YREKA","AA013 ","011696","1/27/1959 12:00:00 AM","12/1/1961 12:00:00 AM","12/1/1970 12:00:00 AM","009850","12/22/1971 12:00:00 AM","Amended license issued 9/10/12",NA,"Permitee Request","","","","","","","","","",0
"7",11326,"A026306","","","019164","","Appropriative","Revoked","EMMERSON INVESTMENT, INC",3328,"A026306P003328","Extension of Time","Withdrawn","ADJUD AREA.  No records of water use. 2-04 Division letter requiring response to protests, water avail. data, and informing about need to prepare CEQA document. Petition withdrawn 12/29/05. kdm","10/19/2000 12:00:00 AM","12/29/2005 12:00:00 AM","No","SHASTA RIVER","Shasta","Big Springs Creek-Shasta River","KLAMATH RIVER","","EMMERSON INVESTMENT, INC","","","","No",NA,NA,"","","",NA,"","",NA,"","","","","","","","","","","","","","",NA,"","","","",NA,NA,"",NA,NA,"6/20/2017 2:56:11 PM","","","Not Determined","","","Not Determined","","","Not Determined","","","Not Determined","","","Not Determined","","",NA,NA,"","","","","","","","",NA,NA,"","","","","","","","",NA,NA,"","","","","","","","",NA,"Not Determined","Matthew McCarthy","6/20/2017 2:56:11 PM","A026306",NA,"","","","","4/21/1980 12:00:00 AM","","Migrated data from old WRIMS system.","",0,"","","EMMERSON INVESTMENT, INC","Corporation","",NA,"",400,"Acre-feet per Year",20,20,20,20,5,"Cubic Feet per Second",400,0,400,NA,0,"","",NA,"",NA,NA,"",NA,"",NA,"","N",0,0,"7/11/2008 7:25:16 PM",NA,NA,NA,NA,"Primary Owner",421585,"2/24/1995 12:00:00 AM",NA,"EMMERSON INVESTMENT, INC","","","EMMERSON INVESTMENT, INC","Corporation","Y",0,"Revoked","8/3/2009 12:00:00 AM","8/10/2009 8:40:56 AM","Irrigation","Migrated from old WRIMS data",NA,"",0,NA,NA,NA,NA,NA,112,0,0,NA,"","","2/1","11/1",0,"","",NA,0,NA,"Migrated from old WRIMS data","Migrated from old WRIMS data",2,"01",18543,"Inactive","","","Point of Direct Diversion","","",400,5,"Cubic Feet per Second",0,NA,"","8/10/2009 8:41:07 AM",1,"A026306",85520,"01","N","A026306_01",18543,"Siskiyou","20-04-43",1,"",2452834.35579143,6449460.44395036,41.56264787,-122.41001294,"NE","NW","",22,43,"N",5,"W","Mount Diablo","DD_NE","FULLY APPROPRIATED STREAM,KLAMATH WATERSHED","SHASTA RIVER","","KLAMATH RIVER",180102070408,"Big Springs Creek-Shasta River",18010207,"Shasta","LAKE SHASTINA","AA049","019164","3/23/1984 12:00:00 AM","","12/31/1995 12:00:00 AM","","","Migrated data from old WRIMS system.",NA,"","","","","","","ENF02001","4/27/2006 12:00:00 AM","8/3/2009 12:00:00 AM","Siskiyou",1
"8",11327,"A026307","","","019165","","Appropriative","Revoked","EMMERSON INVESTMENT, INC",3634,"A026307P003634","Extension of Time","Withdrawn","ADJUD AREA. 2-04 Division letter requiring response to protests, water avail. data, and informing about need to prepare CEQA document. Petition withdrawn 12/29/05. kdm","10/19/2000 12:00:00 AM","12/29/2005 12:00:00 AM","No","SHASTA RIVER","Shasta","Big Springs Creek-Shasta River","KLAMATH RIVER","","EMMERSON INVESTMENT, INC","","","","No",NA,NA,"","","",NA,"","",NA,"","","","","","","","","","","","","","",NA,"","","","",NA,NA,"",NA,NA,"2/26/2016 12:30:23 PM","","","Not Determined","","","Not Determined","","","Not Determined","","","Not Determined","","","Not Determined","","",NA,NA,"","","","","","","","",NA,NA,"","","","","","","","",NA,NA,"","","","","","","","",NA,"Not Determined","Matthew McCarthy","2/26/2016 12:30:23 PM","A026307",NA,"","","","","4/21/1980 12:00:00 AM","","Migrated data from old WRIMS system.","",0,"","","EMMERSON INVESTMENT, INC","Corporation","",NA,"",800,"Acre-feet per Year",56,56,56,56,14,"Cubic Feet per Second",800,0,800,NA,0,"","",NA,"",NA,NA,"",NA,"",NA,"","N",0,0,"7/11/2008 7:25:16 PM",NA,NA,NA,NA,"Primary Owner",421585,"2/24/1995 12:00:00 AM",NA,"EMMERSON INVESTMENT, INC","","","EMMERSON INVESTMENT, INC","Corporation","Y",0,"Revoked","8/3/2009 12:00:00 AM","8/10/2009 8:48:06 AM","Irrigation","Migrated from old WRIMS data",NA,"",0,NA,NA,NA,NA,NA,375,0,0,NA,"","","2/1","11/1",0,"","",NA,0,NA,"Migrated from old WRIMS data","Migrated from old WRIMS data",2,"01",13011,"Inactive","","","Point of Direct Diversion","","",800,14,"Cubic Feet per Second",0,NA,"","8/10/2009 8:48:15 AM",1,"A026307",86176,"01","N","A026307_01",13011,"Siskiyou","20-03-08",1,"",2453484.30462277,6445410.41563311,41.56437863,-122.42482345,"NW","NE","",21,43,"N",5,"W","Mount Diablo","DD_NE","FULLY APPROPRIATED STREAM,KLAMATH WATERSHED","SHASTA RIVER","","KLAMATH RIVER",180102070408,"Big Springs Creek-Shasta River",18010207,"Shasta","LAKE SHASTINA","AA049","019165","3/23/1984 12:00:00 AM","","12/31/1995 12:00:00 AM","","","Migrated data from old WRIMS system.",NA,"","","","","","","ENF02011","4/27/2006 12:00:00 AM","8/3/2009 12:00:00 AM","Siskiyou",1
"9",13447,"A029558","","","020982","","Appropriative","Permitted","JERRY L BACIGALUPI",7431,"A029558P007431","Change","Rejected","Change in Distribution of Storage -  Rejected no fee ","12/24/2008 12:00:00 AM","12/29/2008 12:00:00 AM","No","LITTLE SHASTA RIVER","Shasta","Upper Little Shasta River","KLAMATH RIVER","","JERRY L BACIGALUPI","","","","No",NA,NA,"","","",NA,"","",NA,"","","","","","","","","","","","","","",NA,"","","","",NA,NA,"",NA,NA,"12/30/2008 10:49:43 AM","","","Not Determined","","","Not Determined","","","Not Determined","","","Not Determined","","","Not Determined","","",NA,NA,"","","","","","","","",NA,NA,"","","","","","","","",NA,NA,"","","","","","","","",NA,"Not Determined","Katherine  Mrowka","12/30/2008 10:49:43 AM","A029558",NA,"","8/23/1989 12:00:00 AM","","8/23/1989 12:00:00 AM","9/5/1989 12:00:00 AM","","Migrated data from old WRIMS system.","",0,"","","JERRY L BACIGALUPI","Individual","",NA,"",195,"Acre-feet per Year",100,100,100,100,0,"Gallons per Day",0,195,195,NA,0,"","",NA,"",NA,NA,"",NA,"",NA,"","N",0,0,"7/11/2008 7:25:16 PM",NA,NA,NA,NA,"Primary Owner",411201,"9/15/1994 12:00:00 AM",NA,"BACIGALUPI","L","JERRY","JERRY BACIGALUPI","Individual","Y",3,"Permitted","9/5/1989 12:00:00 AM","9/28/2007 6:35:41 PM","Fish and Wildlife Preservation and Enhancement","Migrated from old WRIMS data",NA,"",0,NA,NA,NA,NA,NA,0,0,0,NA,"","","","",195,"11/1","3/1",NA,195,NA,"Migrated from old WRIMS data","Migrated from old WRIMS data",4,"01",23589,"Active","","","Point of Storage - Unspecified","","",0,0,"Gallons per Day",195,NA,"","9/28/2007 6:55:24 PM",2,"A029558",86399,"01","N","A029558_01",23589,"Siskiyou","011-030-040",1,"",2522484.45763269,6478311.1529811,41.75411089,-122.30547779,"NE","NE","",16,45,"N",4,"W","Mount Diablo","DD_NE","FULLY APPROPRIATED STREAM,KLAMATH WATERSHED","LITTLE SHASTA RIVER","","KLAMATH RIVER",180102070301,"Upper Little Shasta River",18010207,"Shasta","DEWEY GULCH","A 050","020982","12/7/1998 12:00:00 AM","","12/31/2008 12:00:00 AM","","","Migrated data from old WRIMS system.",NA,"","","","","","","","","","",0
"10",13447,"A029558","","","020982","","Appropriative","Permitted","JERRY L BACIGALUPI",7432,"A029558P007432","Extension of Time","Rejected","Rejected no fee","12/24/2008 12:00:00 AM","12/29/2008 12:00:00 AM","No","LITTLE SHASTA RIVER","Shasta","Upper Little Shasta River","KLAMATH RIVER","","JERRY L BACIGALUPI","","","","No",NA,NA,"","","",NA,"","",NA,"","","","","","","","","","","","","","",NA,"","","","",NA,NA,"",NA,NA,"12/30/2008 10:50:25 AM","","","Not Determined","","","Not Determined","","","Not Determined","","","Not Determined","","","Not Determined","","",NA,NA,"","","","","","","","",NA,NA,"","","","","","","","",NA,NA,"","","","","","","","",NA,"Not Determined","Katherine  Mrowka","12/30/2008 10:50:25 AM","A029558",NA,"","8/23/1989 12:00:00 AM","","8/23/1989 12:00:00 AM","9/5/1989 12:00:00 AM","","Migrated data from old WRIMS system.","",0,"","","JERRY L BACIGALUPI","Individual","",NA,"",195,"Acre-feet per Year",100,100,100,100,0,"Gallons per Day",0,195,195,NA,0,"","",NA,"",NA,NA,"",NA,"",NA,"","N",0,0,"7/11/2008 7:25:16 PM",NA,NA,NA,NA,"Primary Owner",411201,"9/15/1994 12:00:00 AM",NA,"BACIGALUPI","L","JERRY","JERRY BACIGALUPI","Individual","Y",3,"Permitted","9/5/1989 12:00:00 AM","9/28/2007 6:35:41 PM","Fish and Wildlife Preservation and Enhancement","Migrated from old WRIMS data",NA,"",0,NA,NA,NA,NA,NA,0,0,0,NA,"","","","",195,"11/1","3/1",NA,195,NA,"Migrated from old WRIMS data","Migrated from old WRIMS data",4,"01",23589,"Active","","","Point of Storage - Unspecified","","",0,0,"Gallons per Day",195,NA,"","9/28/2007 6:55:24 PM",2,"A029558",86399,"01","N","A029558_01",23589,"Siskiyou","011-030-040",1,"",2522484.45763269,6478311.1529811,41.75411089,-122.30547779,"NE","NE","",16,45,"N",4,"W","Mount Diablo","DD_NE","FULLY APPROPRIATED STREAM,KLAMATH WATERSHED","LITTLE SHASTA RIVER","","KLAMATH RIVER",180102070301,"Upper Little Shasta River",18010207,"Shasta","DEWEY GULCH","A 050","020982","12/7/1998 12:00:00 AM","","12/31/2008 12:00:00 AM","","","Migrated data from old WRIMS system.",NA,"","","","","","","","","","",0
"11",53398,"J000014","","","","","Adjudicated","Adjudicated","CALIFORNIA DEPARTMENT OF FISH AND WILDLIFE",10853,"J000014P010853","Change","Completed","","7/18/2012 12:00:00 AM","5/8/2014 12:00:00 AM","No","HOLE IN THE GROUND CREEK","Shasta","Big Springs Creek-Shasta River","KLAMATH RIVER","","CALIFORNIA DEPARTMENT OF FISH AND WILDLIFE","","","Y","No",NA,NA,"","","",NA,"","",NA,"","","","","","","","","","","","","","",NA,"","","","",NA,NA,"",NA,4,"5/9/2014 3:16:24 PM","N","","No","","","No","","","No","","","No","","","No","","",NA,NA,"","","","","","","","",NA,NA,"","","","","","","","",NA,NA,"","","","","","","","",NA,"No","Matthew McCarthy","5/9/2014 3:16:24 PM","J000014",NA,"12/30/1932 12:00:00 AM","","","","","","","",6,"","","CALIFORNIA DEPARTMENT OF FISH AND WILDLIFE","Government (State/Municipal)","",NA,"",545,"Acre-feet per Year",0,0,0,0,1.5,"Cubic Feet per Second",1.5,0,0,1893,0,"","",NA,"",NA,NA,"",NA,"",NA,"","N",0,0,"4/1/2016 3:01:06 AM",NA,1893,NA,NA,"Primary Owner",402026,"7/9/2019 12:00:00 AM",NA,"CALIFORNIA DEPARTMENT OF FISH AND WILDLIFE","","","CALIFORNIA DEPARTMENT OF FISH AND WILDLIFE","Government (State/Municipal)","Y",13,"Adjudicated","12/30/1932 12:00:00 AM","8/10/2012 7:56:37 AM","Fish and Wildlife Preservation and Enhancement","Added by change order",NA,"",NA,NA,NA,NA,NA,NA,NA,NA,545,1.5,"Cubic Feet per Second","Existing","4/1","10/1",NA,"","",1.5,NA,545,"Requested when filed","",2,"01",57790,"Active","Surface","POD 168","Point of Direct Diversion","Existing","Class 1",545,1.5,"Cubic Feet per Second",NA,NA,"","5/9/2014 1:14:31 PM",1,"J000014",91558,"01","N","J000014_01",57790,"Siskiyou","",1,"",2459391,6445691,41.5806,-122.4239,"SE","SW","",9,43,"N",5,"W","Mount Diablo","GIS_CLICK","FULLY APPROPRIATED STREAM,KLAMATH WATERSHED","HOLE IN THE GROUND CREEK","SHASTA RIVER","KLAMATH RIVER",180102070408,"Big Springs Creek-Shasta River",18010207,"Shasta","LAKE SHASTINA","","","","","","","","",NA,"","","","","","","","","","",0
"12",53400,"J000015","","","","","Adjudicated","Adjudicated","CALIFORNIA DEPARTMENT OF FISH AND WILDLIFE",10854,"J000015P010854","Change","Completed","","7/18/2012 12:00:00 AM","5/8/2014 12:00:00 AM","No","BIG SPRINGS CREEK","Shasta","Big Springs Creek-Shasta River","KLAMATH RIVER","","CALIFORNIA DEPARTMENT OF FISH AND WILDLIFE","","","Y","No",NA,NA,"","","",NA,"","",NA,"","","","","","","","","","","","","","",NA,"","","","",NA,NA,"",NA,4,"5/9/2014 3:16:32 PM","N","","No","","","No","","","No","","","No","","","No","","",NA,NA,"","","","","","","","",NA,NA,"","","","","","","","",NA,NA,"","","","","","","","",NA,"No","Matthew McCarthy","5/9/2014 3:16:32 PM","J000015",NA,"12/30/1932 12:00:00 AM","","","","","","","",6,"","","CALIFORNIA DEPARTMENT OF FISH AND WILDLIFE","Government (State/Municipal)","",NA,"",3630,"Acre-feet per Year",0,0,0,0,10,"",0,0,0,1872,0,"","",NA,"",NA,NA,"",NA,"",NA,"","N",0,0,"4/1/2016 3:01:21 AM",NA,1872,NA,NA,"Primary Owner",402026,"7/9/2019 12:00:00 AM",NA,"CALIFORNIA DEPARTMENT OF FISH AND WILDLIFE","","","CALIFORNIA DEPARTMENT OF FISH AND WILDLIFE","Government (State/Municipal)","Y",13,"Adjudicated","12/30/1932 12:00:00 AM","8/10/2012 12:15:06 PM","Fish and Wildlife Preservation and Enhancement","Added by change order",NA,"",NA,NA,NA,NA,NA,NA,NA,NA,3630,10,"Cubic Feet per Second","","4/1","10/1",NA,"","",10,NA,0,"Requested when filed","",2,"01",57791,"Active","Surface","POD 241","Point of Direct Diversion","Existing","Unknown",3630,10,"Cubic Feet per Second",NA,NA,"","5/9/2014 1:57:13 PM",1,"J000015",91559,"01","N","J000015_01",57791,"Siskiyou","",1,"",2466096,6449691,41.599,-122.4094,"SE","SW","",3,43,"N",5,"W","Mount Diablo","GIS_CLICK","FULLY APPROPRIATED STREAM,KLAMATH WATERSHED","BIG SPRINGS CREEK","Shasta River","KLAMATH RIVER",180102070408,"Big Springs Creek-Shasta River",18010207,"Shasta","LAKE SHASTINA","","","","","","","","",NA,"","","","","","","","","","",0
"13",53403,"J000016","","","","","Adjudicated","Adjudicated","CALIFORNIA DEPARTMENT OF FISH AND WILDLIFE",10855,"J000016P010855","Change","Completed","","7/18/2012 12:00:00 AM","5/8/2014 12:00:00 AM","No","LITTLE SPRINGS CREEK","Shasta","Big Springs Creek-Shasta River","KLAMATH RIVER","","CALIFORNIA DEPARTMENT OF FISH AND WILDLIFE","","","Y","No",NA,NA,"","","",NA,"","",NA,"","","","","","","","","","","","","","",NA,"","","","",NA,NA,"",NA,4,"5/9/2014 3:16:42 PM","N","","No","","","No","","","No","","","No","","","No","","",NA,NA,"","","","","","","","",NA,NA,"","","","","","","","",NA,NA,"","","","","","","","",NA,"No","Matthew McCarthy","5/9/2014 3:16:42 PM","J000016",NA,"12/30/1932 12:00:00 AM","","","","","","","",6,"","","CALIFORNIA DEPARTMENT OF FISH AND WILDLIFE","Government (State/Municipal)","",NA,"",1450,"Acre-feet per Year",0,0,0,0,10,"",0,0,1450,1891,0,"","",NA,"",NA,NA,"",NA,"",NA,"","N",0,0,"4/1/2016 3:01:47 AM",NA,1891,NA,NA,"Primary Owner",402026,"7/9/2019 12:00:00 AM",NA,"CALIFORNIA DEPARTMENT OF FISH AND WILDLIFE","","","CALIFORNIA DEPARTMENT OF FISH AND WILDLIFE","Government (State/Municipal)","Y",13,"Adjudicated","12/30/1932 12:00:00 AM","8/10/2012 12:17:32 PM","Fish and Wildlife Preservation and Enhancement","Added by change order",NA,"",NA,NA,NA,NA,NA,NA,NA,NA,1450,4,"Cubic Feet per Second","Existing","4/1","10/1",NA,"","",4,NA,1450,"Requested when filed","",2,"01",57792,"Active","Surface","POD 243","Point of Direct Diversion","Existing","Class 1",1450,4,"Cubic Feet per Second",NA,NA,"","5/9/2014 2:32:54 PM",1,"J000016",91560,"01","N","J000016_01",57792,"Siskiyou","",1,"",2463591,6447068,41.5921,-122.4189,"NW","NW","",10,43,"N",5,"W","Mount Diablo","GIS_CLICK","FULLY APPROPRIATED STREAM,KLAMATH WATERSHED","LITTLE SPRINGS CREEK","Big Springs Creek","KLAMATH RIVER",180102070408,"Big Springs Creek-Shasta River",18010207,"Shasta","LAKE SHASTINA","","","","","","","","",NA,"","","","","","","","","","",0
"14",53406,"J000017","","","","","Adjudicated","Adjudicated","CALIFORNIA DEPARTMENT OF FISH AND WILDLIFE",10856,"J000017P010856","Change","Completed","","7/18/2012 12:00:00 AM","5/8/2014 12:00:00 AM","No","LITTLE SPRINGS CREEK","Shasta","Big Springs Creek-Shasta River","KLAMATH RIVER","","CALIFORNIA DEPARTMENT OF FISH AND WILDLIFE","","","Y","No",NA,NA,"","","",NA,"","",NA,"","","","","","","","","","","","","","",NA,"","","","",NA,NA,"",NA,4,"5/9/2014 3:16:51 PM","N","","No","","","No","","","No","","","No","","","No","","",NA,NA,"","","","","","","","",NA,NA,"","","","","","","","",NA,NA,"","","","","","","","",NA,"No","Matthew McCarthy","5/9/2014 3:16:51 PM","J000017",NA,"12/30/1932 12:00:00 AM","","","","","","","",6,"","","CALIFORNIA DEPARTMENT OF FISH AND WILDLIFE","Government (State/Municipal)","",NA,"",183,"Acre-feet per Year",0,0,0,0,0.5,"",0,0,183,1893,0,"","",NA,"",NA,NA,"",NA,"",NA,"","N",0,0,"4/1/2016 3:01:58 AM",NA,1893,NA,NA,"Primary Owner",402026,"7/9/2019 12:00:00 AM",NA,"CALIFORNIA DEPARTMENT OF FISH AND WILDLIFE","","","CALIFORNIA DEPARTMENT OF FISH AND WILDLIFE","Government (State/Municipal)","Y",13,"Adjudicated","12/30/1932 12:00:00 AM","8/10/2012 12:19:23 PM","Fish and Wildlife Preservation and Enhancement","Added by change order",NA,"",NA,NA,NA,NA,NA,NA,NA,NA,183,0.5,"Cubic Feet per Second","Existing","4/1","10/1",NA,"","",0.5,NA,183,"Requested when filed","",2,"01",57793,"Active","Surface","POD 244","Point of Direct Diversion","Existing","Class 1",183,0.5,"Cubic Feet per Second",NA,NA,"","5/9/2014 2:44:29 PM",1,"J000017",91561,"01","N","J000017_01",57793,"Siskiyou","",1,"",2462090,6445305,41.588,-122.4254,"SW","NE","",9,43,"N",5,"W","Mount Diablo","GIS_CLICK","FULLY APPROPRIATED STREAM,KLAMATH WATERSHED","LITTLE SPRINGS CREEK","Big Springs Creek","KLAMATH RIVER",180102070408,"Big Springs Creek-Shasta River",18010207,"Shasta","LAKE SHASTINA","","","","","","","","",NA,"","","","","","","","","","",0
"15",53407,"J000018","","","","","Adjudicated","Adjudicated","CALIFORNIA DEPARTMENT OF FISH AND WILDLIFE",10857,"J000018P010857","Change","Completed","","7/18/2012 12:00:00 AM","5/8/2014 12:00:00 AM","No","LITTLE SPRINGS CREEK","Shasta","Big Springs Creek-Shasta River","KLAMATH RIVER","","CALIFORNIA DEPARTMENT OF FISH AND WILDLIFE","","","Y","No",NA,NA,"","","",NA,"","",NA,"","","","","","","","","","","","","","",NA,"","","","",NA,NA,"",NA,4,"5/9/2014 3:17:01 PM","N","","No","","","No","","","No","","","No","","","No","","",NA,NA,"","","","","","","","",NA,NA,"","","","","","","","",NA,NA,"","","","","","","","",NA,"No","Matthew McCarthy","5/9/2014 3:17:01 PM","J000018",NA,"12/30/1932 12:00:00 AM","","","","","","","",6,"","","CALIFORNIA DEPARTMENT OF FISH AND WILDLIFE","Government (State/Municipal)","",NA,"",417,"Acre-feet per Year",0,0,0,0,1.15,"",0,0,0,1892,0,"","",NA,"",NA,NA,"",NA,"",NA,"","N",0,0,"4/1/2016 3:02:09 AM",NA,1892,NA,NA,"Primary Owner",402026,"7/9/2019 12:00:00 AM",NA,"CALIFORNIA DEPARTMENT OF FISH AND WILDLIFE","","","CALIFORNIA DEPARTMENT OF FISH AND WILDLIFE","Government (State/Municipal)","Y",13,"Adjudicated","12/30/1932 12:00:00 AM","8/10/2012 12:21:55 PM","Fish and Wildlife Preservation and Enhancement","Added by change order",NA,"",NA,NA,NA,NA,NA,NA,NA,NA,NA,1.15,"Cubic Feet per Second","Existing","4/1","10/1",NA,"","",1.15,NA,0,"Requested when filed","",2,"01",57794,"Active","Surface","POD 245","Point of Direct Diversion","Existing","Class 1",417,1.15,"Cubic Feet per Second",NA,NA,"","1/31/2014 10:51:23 AM",1,"J000018",91562,"01","N","J000018_01",57794,"Siskiyou","",1,"",2462176,6445318,41.5882,-122.4253,"SW","NE","",9,43,"N",5,"W","Mount Diablo","GIS_CLICK","FULLY APPROPRIATED STREAM,KLAMATH WATERSHED","LITTLE SPRINGS CREEK","Big Springs Creek","KLAMATH RIVER",180102070408,"Big Springs Creek-Shasta River",18010207,"Shasta","LAKE SHASTINA","","","","","","","","",NA,"","","","","","","","","","",0
"16",53408,"J000019","","","","","Adjudicated","Adjudicated","CALIFORNIA DEPARTMENT OF FISH AND WILDLIFE",10858,"J000019P010858","Change","Completed","","7/18/2012 12:00:00 AM","5/8/2014 12:00:00 AM","No","LITTLE SPRINGS CREEK","Shasta","Big Springs Creek-Shasta River","KLAMATH RIVER","","CALIFORNIA DEPARTMENT OF FISH AND WILDLIFE","","","Y","No",NA,NA,"","","",NA,"","",NA,"","","","","","","","","","","","","","",NA,"","","","",NA,NA,"",NA,4,"5/9/2014 3:17:09 PM","N","","No","","","No","","","No","","","No","","","No","","",NA,NA,"","","","","","","","",NA,NA,"","","","","","","","",NA,NA,"","","","","","","","",NA,"No","Matthew McCarthy","5/9/2014 3:17:09 PM","J000019",NA,"12/30/1932 12:00:00 AM","","","","","","","",6,"","","CALIFORNIA DEPARTMENT OF FISH AND WILDLIFE","Government (State/Municipal)","",NA,"",708,"Acre-feet per Year",0,0,0,0,1.95,"Cubic Feet per Second",0,0,0,1900,0,"","",NA,"",NA,NA,"",NA,"",NA,"","N",0,0,"4/1/2016 3:02:21 AM",NA,1900,NA,NA,"Primary Owner",402026,"7/9/2019 12:00:00 AM",NA,"CALIFORNIA DEPARTMENT OF FISH AND WILDLIFE","","","CALIFORNIA DEPARTMENT OF FISH AND WILDLIFE","Government (State/Municipal)","Y",13,"Adjudicated","12/30/1932 12:00:00 AM","8/10/2012 12:22:51 PM","Fish and Wildlife Preservation and Enhancement","Added by change order",NA,"",NA,NA,NA,NA,NA,NA,NA,NA,708,1.95,"Cubic Feet per Second","Existing","4/1","10/1",NA,"","",1.95,NA,708,"Requested when filed","",2,"01",57795,"Active","Surface","POD 246","Point of Direct Diversion","Existing","Class 1",708,1.95,"Cubic Feet per Second",NA,NA,"","1/31/2014 10:53:11 AM",1,"J000019",91563,"01","N","J000019_01",57795,"Siskiyou","",1,"",2462610,6444533,41.5894,-122.4282,"SW","NE","",9,43,"N",5,"W","Mount Diablo","GIS_CLICK","FULLY APPROPRIATED STREAM,KLAMATH WATERSHED","LITTLE SPRINGS CREEK","Big Springs Creek","KLAMATH RIVER",180102070408,"Big Springs Creek-Shasta River",18010207,"Shasta","LAKE SHASTINA","","","","","","","","",NA,"","","","","","","","","","",0
"17",53409,"J000020","","","","","Adjudicated","Adjudicated","CALIFORNIA DEPARTMENT OF FISH AND WILDLIFE",10859,"J000020P010859","Change","Completed","","7/18/2012 12:00:00 AM","5/8/2014 12:00:00 AM","No","SHASTA RIVER","Shasta","Big Springs Creek-Shasta River","KLAMATH RIVER","","CALIFORNIA DEPARTMENT OF FISH AND WILDLIFE","","","Y","No",NA,NA,"","","",NA,"","",NA,"","","","","","","","","","","","","","",NA,"","","","",NA,NA,"",NA,4,"5/9/2014 3:15:51 PM","N","","No","","","No","","","No","","","No","","","No","","",NA,NA,"","","","","","","","",NA,NA,"","","","","","","","",NA,NA,"","","","","","","","",NA,"No","Matthew McCarthy","5/9/2014 3:15:51 PM","J000020",NA,"12/30/1932 12:00:00 AM","","","","","","","",6,"","","CALIFORNIA DEPARTMENT OF FISH AND WILDLIFE","Government (State/Municipal)","",NA,"",583,"Acre-feet per Year",0,0,0,0,1.2,"Cubic Feet per Second",583.1,0,0,NA,0,"","",NA,"",NA,NA,"",NA,"",NA,"","N",0,0,"4/1/2016 3:02:59 AM",NA,NA,NA,NA,"Primary Owner",402026,"7/9/2019 12:00:00 AM",NA,"CALIFORNIA DEPARTMENT OF FISH AND WILDLIFE","","","CALIFORNIA DEPARTMENT OF FISH AND WILDLIFE","Government (State/Municipal)","Y",13,"Adjudicated","12/30/1932 12:00:00 AM","8/10/2012 12:24:29 PM","Fish and Wildlife Preservation and Enhancement","Added by change order",NA,"",NA,NA,NA,NA,NA,NA,NA,NA,583,1.2,"Cubic Feet per Second","Existing","3/1","11/1",NA,"","",1.2,NA,583,"Requested when filed","",2,"01",57796,"Active","Surface","POD 247","Point of Direct Diversion","Existing","Class 1",583,1.2,"Cubic Feet per Second",NA,NA,"","1/31/2014 10:58:43 AM",1,"J000020",105633,"01","N","J000020_01",57796,"Siskiyou","",1,"",2469273,6437934,41.6076,-122.4524,"NE","NW","",5,43,"N",5,"W","Mount Diablo","GIS_CLICK","FULLY APPROPRIATED STREAM,KLAMATH WATERSHED","SHASTA RIVER","Klamath River","KLAMATH RIVER",180102070408,"Big Springs Creek-Shasta River",18010207,"Shasta","LAKE SHASTINA","","","","","","","","",NA,"","","","","","","","","","",0
"18",53410,"J000021","","","","","Adjudicated","Adjudicated","CALIFORNIA DEPARTMENT OF FISH AND WILDLIFE",10860,"J000021P010860","Change","Completed","","7/18/2012 12:00:00 AM","5/8/2014 12:00:00 AM","No","SHASTA RIVER","Shasta","Big Springs Creek-Shasta River","KLAMATH RIVER","","CALIFORNIA DEPARTMENT OF FISH AND WILDLIFE","","","Y","No",NA,NA,"","","",NA,"","",NA,"","","","","","","","","","","","","","",NA,"","","","",NA,NA,"",NA,4,"5/9/2014 3:17:23 PM","N","","No","","","No","","","No","","","No","","","No","","",NA,NA,"","","","","","","","",NA,NA,"","","","","","","","",NA,NA,"","","","","","","","",NA,"No","Matthew McCarthy","5/9/2014 3:17:23 PM","J000021",NA,"12/30/1932 12:00:00 AM","","","","","","","",6,"","","CALIFORNIA DEPARTMENT OF FISH AND WILDLIFE","Government (State/Municipal)","",NA,"",588,"Acre-feet per Year",0,0,0,0,1.1,"Cubic Feet per Second",490,0,0,1899,0,"","",NA,"",NA,NA,"",NA,"",NA,"","N",0,0,"4/1/2016 3:02:47 AM",NA,1899,NA,NA,"Primary Owner",402026,"7/9/2019 12:00:00 AM",NA,"CALIFORNIA DEPARTMENT OF FISH AND WILDLIFE","","","CALIFORNIA DEPARTMENT OF FISH AND WILDLIFE","Government (State/Municipal)","Y",13,"Adjudicated","12/30/1932 12:00:00 AM","8/10/2012 12:26:13 PM","Domestic","Requested when filed",NA,"",NA,NA,NA,NA,NA,NA,NA,NA,490,1.1,"Cubic Feet per Second","Existing","4/1","10/1",NA,"","",1.1,NA,490,"Requested when filed","",4,"01",57797,"Active","Surface","POD 248","Point of Direct Diversion","Existing","Class 1",490,1.1,"Cubic Feet per Second",NA,NA,"","1/31/2014 10:57:48 AM",1,"J000021",91564,"01","N","J000021_01",57797,"Siskiyou","",1,"",2469250,6437934,41.6075,-122.4524,"NE","NW","",5,43,"N",5,"W","Mount Diablo","GIS_CLICK","FULLY APPROPRIATED STREAM,KLAMATH WATERSHED","SHASTA RIVER","","KLAMATH RIVER",180102070408,"Big Springs Creek-Shasta River",18010207,"Shasta","LAKE SHASTINA","","","","","","","","",NA,"","","","","","","","","","",0
"19",56917,"S023705","S023705","","","","Statement of Div and Use","Claimed","HIDDEN VALLEY RANCH LLC",17516,"S023705P017516","Change","Pending","Changes proposed include to the purpose and place of use exercised under the claimed riparian water rights.","10/7/2020 12:00:00 AM","","No","SPRING TO SHASTA RIVER","Shasta","Big Springs Creek-Shasta River","KLAMATH RIVER","","HIDDEN VALLEY RANCH LLC","Pending","Matthew McCarthy","Y","No",NA,NA,"","","",NA,"","",NA,"","","","","","","","","","","","","","",2,"S023706P017517","S024837P017518","","",NA,NA,"N",NA,5,"10/27/2020 9:12:41 AM","N","","No","","","No","","","No","","","Not Determined","","","Not Determined","","",NA,NA,"","","","","","","","",NA,NA,"","","","","","","","",NA,NA,"","","","","","","","",NA,"Not Determined","Alexandre Balcerzak","10/27/2020 9:12:41 AM","S023705",NA,"","2/12/2013 12:00:00 AM","","2/12/2013 12:00:00 AM","11/15/2013 12:00:00 AM","","","",0,"","","HIDDEN VALLEY RANCH LLC","Limited Liability Company","PRE1914,COURTADJ,",724.4,"Acre-feet",0,"Acre-feet per Year",NA,NA,NA,NA,2,"Cubic Feet per Second",NA,NA,NA,1886,NA,"Cycle 3","",NA,"",NA,NA,"",NA,"",NA,"","",0,0,"11/15/2013 9:43:01 AM",NA,1886,NA,NA,"Primary Owner",610418,"4/8/2020 12:00:00 AM",NA,"HIDDEN VALLEY RANCH LLC","","","HIDDEN VALLEY RANCH LLC","Limited Liability Company","Y",0,"Claimed","2/12/2013 12:00:00 AM","11/15/2013 9:46:31 AM","Industrial","Requested when filed",NA,"",NA,NA,NA,NA,NA,NA,40,40,NA,2,"Cubic Feet per Second","Existing","","",NA,"","",NA,NA,NA,"","",2,"01",61282,"Active","Surface","Pocket Springs #160","Point of Direct Diversion","Existing","",NA,2,"Cubic Feet per Second",NA,NA,"","11/15/2013 9:48:48 AM",1,"S023705",95606,"01","N","S023705_01",61282,"Siskiyou","",1,"Pocket Springs #160",2447785,6453555,41.5488,-122.395,"NE","NW","",26,43,"N",5,"W","Mount Diablo","GIS_LL","FULLY APPROPRIATED STREAM,KLAMATH WATERSHED","SPRING TO SHASTA RIVER","Klamath River","KLAMATH RIVER",180102070408,"Big Springs Creek-Shasta River",18010207,"Shasta","LAKE SHASTINA","","","","","","","","",NA,"","","","","","","","","","",0
"20",56918,"S023706","S023706","","","","Statement of Div and Use","Claimed","HIDDEN VALLEY RANCH LLC",17517,"S023706P017517","Change","Pending","Changes proposed include to the purpose and place of use exercised under the claimed riparian water rights.","10/7/2020 12:00:00 AM","","No","SPRING TO SHASTA RIVER","Shasta","Big Springs Creek-Shasta River","KLAMATH RIVER","","HIDDEN VALLEY RANCH LLC","Pending","Matthew McCarthy","Y","No",NA,NA,"","","",NA,"","",NA,"","","","","","","","","","","","","","",2,"S023705P017516","S024837P017518","","",NA,NA,"N",NA,5,"10/27/2020 9:12:41 AM","N","","No","","","No","","","No","","","Not Determined","","","Not Determined","","",NA,NA,"","","","","","","","",NA,NA,"","","","","","","","",NA,NA,"","","","","","","","",NA,"Not Determined","Alexandre Balcerzak","10/27/2020 9:12:41 AM","S023706",NA,"","2/12/2013 12:00:00 AM","","2/12/2013 12:00:00 AM","11/15/2013 12:00:00 AM","","","",0,"","","HIDDEN VALLEY RANCH LLC","Limited Liability Company","PRE1914,COURTADJ,",724.4,"Acre-feet",0,"Acre-feet per Year",NA,NA,NA,NA,2,"Cubic Feet per Second",NA,NA,NA,1886,NA,"Cycle 3","",NA,"",NA,NA,"",NA,"",NA,"","",0,0,"11/15/2013 10:03:56 AM",NA,1886,NA,NA,"Primary Owner",610418,"4/8/2020 12:00:00 AM",NA,"HIDDEN VALLEY RANCH LLC","","","HIDDEN VALLEY RANCH LLC","Limited Liability Company","Y",0,"Claimed","2/12/2013 12:00:00 AM","11/15/2013 10:05:22 AM","Irrigation","Requested when filed",NA,"",NA,NA,NA,NA,NA,NA,40,40,NA,2,"Cubic Feet per Second","Existing","","",NA,"","",NA,NA,NA,"","",2,"01",61283,"Active","Surface","Pocket Springs #161","Point of Direct Diversion","Existing","",NA,2,"Cubic Feet per Second",NA,NA,"","11/15/2013 10:07:08 AM",1,"S023706",95607,"01","N","S023706_01",61283,"Siskiyou","",1,"Pocket Springs #161",2447988,6453571,41.5494,-122.3949,"NE","NW","",26,43,"N",5,"W","Mount Diablo","GIS_LL","FULLY APPROPRIATED STREAM,KLAMATH WATERSHED","SPRING TO SHASTA RIVER","Klamath River","KLAMATH RIVER",180102070408,"Big Springs Creek-Shasta River",18010207,"Shasta","LAKE SHASTINA","","","","","","","","",NA,"","","","","","","","","","",0
"21",59981,"S024837","S024837","","","","Statement of Div and Use","Claimed","HIDDEN VALLEY RANCH LLC",17518,"S024837P017518","Change","Pending","Changes proposed include to the purpose and place of use exercised under the claimed riparian water rights.","10/7/2020 12:00:00 AM","","No","UPPER SPRING MAIN DITCH","Shasta","Big Springs Creek-Shasta River","KLAMATH RIVER","","HIDDEN VALLEY RANCH LLC","Pending","Matthew McCarthy","Y","No",NA,NA,"","","",NA,"","",NA,"","","","","","","","","","","","","","",2,"S023705P017516","S023706P017517","","",NA,NA,"N",NA,5,"10/27/2020 9:12:41 AM","N","","No","","","No","","","No","","","Not Determined","","","Not Determined","","",NA,NA,"","","","","","","","",NA,NA,"","","","","","","","",NA,NA,"","","","","","","","",NA,"Not Determined","Alexandre Balcerzak","10/27/2020 9:12:41 AM","S024837",NA,"","5/4/2015 12:00:00 AM","","5/4/2015 12:00:00 AM","5/12/2015 12:00:00 AM","","","N",0,"","","HIDDEN VALLEY RANCH LLC","Limited Liability Company","RIPERIAN,PRE1914,",0,"Acre-feet",0,"Acre-feet per Year",NA,NA,NA,NA,NA,"Cubic Feet per Second",NA,NA,NA,1886,NA,"Cycle 2","",NA,"",NA,NA,"",NA,"",NA,"","",1,0,"5/12/2015 2:51:53 PM",NA,1886,NA,NA,"Primary Owner",610418,"4/8/2020 12:00:00 AM",NA,"HIDDEN VALLEY RANCH LLC","","","HIDDEN VALLEY RANCH LLC","Limited Liability Company","Y",0,"Claimed","5/4/2015 12:00:00 AM","5/12/2015 2:51:53 PM","Irrigation","Requested when filed",NA,"",NA,NA,NA,NA,NA,NA,75,75,NA,NA,"Cubic Feet per Second","Existing","","",NA,"","",NA,NA,NA,"","",2,"01",64314,"Active","Surface","Upper spring main ditch","Point of Direct Diversion","Existing","",NA,NA,"Cubic Feet per Second",NA,4,"","5/12/2015 2:51:54 PM",1,"S024837",109623,"01","N","S024837_01",64314,"Siskiyou","20-040-080-0",1,"Upper Spring Main Ditch",2447793,6453918,41.5489,-122.3936,"NE","NW","",26,43,"N",5,"W","Mount Diablo","GIS_LL","FULLY APPROPRIATED STREAM,KLAMATH WATERSHED","UPPER SPRING MAIN DITCH","Shasta River","KLAMATH RIVER",180102070408,"Big Springs Creek-Shasta River",18010207,"Shasta","LAKE SHASTINA","","","","","","","","",NA,"","","","","","","","","","",0
"22",66106,"J000027","","","","","Adjudicated","Adjudicated","THE HART FAMILY 2003 TRUST",16334,"J000027P016334","Change","Pending","Petitioner seeks requests to add fish and wildlife preservation and enhancement as an authorized purpose of use and add a stretch of Evans Spring, the Little Shasta and Shasta River as an authorized place of use for the subject pre-1914 adjudicated water right, identified as Diversion 467 in Decree 7035. ","1/29/2019 12:00:00 AM","","No","Evans Spring","Shasta","Middle Little Shasta River","KLAMATH RIVER","","THE HART FAMILY 2003 TRUST","Pending","Alexandre Balcerzak","Y","No",NA,NA,"","","",NA,"","",NA,"","","","","","","","","","","","","","",NA,"","","","",NA,NA,"N",NA,NA,"8/11/2020 10:01:46 AM","N","","Yes","1/9/2020 12:00:00 AM","Notice period closed.","No","","","No","","","No","","","No","","",NA,NA,"","","","","","","","",NA,NA,"","","","","","","","",NA,NA,"","","","","","","","",NA,"No","Alexandre Balcerzak","8/11/2020 10:01:46 AM","J000027",NA,"12/29/1932 12:00:00 AM","1/29/2019 12:00:00 AM","","1/29/2019 12:00:00 AM","10/3/2019 12:00:00 AM","","","",8,"THE NATURE CONSERVANCY","Organization/Association","THE HART FAMILY 2003 TRUST","Trust","",NA,"",0,"Acre-feet per Year",NA,NA,NA,NA,NA,"",NA,NA,NA,NA,NA,"","",NA,"",NA,NA,"",NA,"",NA,"","",0,1,"8/6/2020 2:10:36 PM",NA,NA,NA,0,"Primary Owner",594761,"1/29/2019 12:00:00 AM",NA,"THE HART FAMILY 2003 TRUST","","","THE HART FAMILY 2003 TRUST","Trust","N",13,"Adjudicated","12/29/1932 12:00:00 AM","2/13/2019 10:34:02 AM","Domestic","",NA,"",NA,NA,NA,NA,NA,NA,NA,NA,NA,2.36,"Cubic Feet per Second","","1/1","12/31",NA,"","",2.36,NA,0,"","",3,"467",74991,"Active","Surface","Diversion 467","Point of Direct Diversion","Existing","Class 1",NA,2.36,"Cubic Feet per Second",NA,NA,"","2/13/2019 10:39:19 AM",1,"J000027",175097,"467","N","",74991,"Siskiyou","",1,"Diversion 467",2511742,6468417,41.72453643,-122.34159561,"NE","NE","",30,45,"N",4,"W","Mount Diablo","GIS_NE","FULLY APPROPRIATED STREAM,KLAMATH WATERSHED","Evans Spring","","KLAMATH RIVER",180102070303,"Middle Little Shasta River",18010207,"Shasta","SOLOMONS TEMPLE","","","","","","","","",NA,"","","","","","","","","","",0
"23",66108,"J000024","","","","","Adjudicated","Adjudicated","THE HART FAMILY 2003 TRUST",16292,"J000024P016292","Change","Pending","Petitioner seeks requests to add fish and wildlife preservation and enhancement as an authorized purpose of use and add a stretch of the Little Shasta and Shasta River as an authorized place of use for the subject pre-1914 adjudicated water right, identified as Diversion 471 in Decree 7035. ","1/29/2019 12:00:00 AM","","No","Little Shasta River","Shasta","Middle Little Shasta River","KLAMATH RIVER","","THE HART FAMILY 2003 TRUST","Pending","Alexandre Balcerzak","Y","No",NA,NA,"","","",NA,"","",NA,"","","","","","","","","","","","","","",NA,"","","","",NA,NA,"N",NA,5,"8/11/2020 9:57:10 AM","N","","Yes","","","No","","","No","","","No","","","No","","",NA,NA,"","","","","","","","",NA,NA,"","","","","","","","",NA,NA,"","","","","","","","",NA,"No","Alexandre Balcerzak","8/11/2020 9:57:10 AM","J000024",NA,"12/29/1932 12:00:00 AM","1/29/2019 12:00:00 AM","","1/29/2019 12:00:00 AM","10/3/2019 12:00:00 AM","","","",8,"THE NATURE CONSERVANCY","Organization/Association","THE HART FAMILY 2003 TRUST","Trust","",NA,"",0,"Acre-feet per Year",NA,NA,NA,NA,NA,"",NA,NA,NA,NA,NA,"","",NA,"",NA,NA,"",NA,"",NA,"","",0,2,"8/6/2020 2:07:56 PM",NA,NA,NA,0,"Primary Owner",594761,"1/29/2019 12:00:00 AM",NA,"THE HART FAMILY 2003 TRUST","","","THE HART FAMILY 2003 TRUST","Trust","N",12,"Adjudicated","12/29/1932 12:00:00 AM","2/1/2019 12:52:29 PM","Irrigation","",NA,"",NA,NA,NA,NA,NA,NA,NA,45,NA,0.55,"Cubic Feet per Second","Existing","3/1","11/1",NA,"","",0.55,NA,0,"","",2,"471",74910,"Active","Surface","Diversion 471","Point of Direct Diversion","Existing","Class 1",NA,0.55,"Cubic Feet per Second",NA,NA,"","2/11/2019 3:44:20 PM",1,"J000024",174777,"471","N","",74910,"Siskiyou","",1,"Diversion 471",2511088,6460856,41.72265667,-122.36928198,"Nw","NE","",25,45,"N",5,"W","Mount Diablo","GIS_NE","FULLY APPROPRIATED STREAM,KLAMATH WATERSHED","Little Shasta River","","KLAMATH RIVER",180102070303,"Middle Little Shasta River",18010207,"Shasta","SOLOMONS TEMPLE","","","","","","","","",NA,"","","","","","","","","","",0
"24",66110,"J000025","","","","","Adjudicated","Adjudicated","RABBIT HILL LLC",16335,"J000025P016335","Change","Pending","Petitioner seeks requests to add fish and wildlife preservation and enhancement as an authorized purpose of use and add a stretch of the Little Shasta and Shasta River as an authorized place of use for the subject pre-1914 adjudicated water right, identified as Diversion 474 in Decree 7035. ","1/29/2019 12:00:00 AM","","No","Little Shasta River","Shasta","Middle Little Shasta River","KLAMATH RIVER","","RABBIT HILL LLC","Pending","Alexandre Balcerzak","Y","No",NA,NA,"","","",NA,"","",NA,"","","","","","","","","","","","","","",NA,"","","","",NA,NA,"N",NA,NA,"8/11/2020 9:51:14 AM","N","","Yes","1/9/2020 12:00:00 AM","Notice period closed.","No","","","No","","","No","","","No","","",NA,NA,"","","","","","","","",NA,NA,"","","","","","","","",NA,NA,"","","","","","","","",NA,"No","Alexandre Balcerzak","8/11/2020 9:51:14 AM","J000025",NA,"12/29/1932 12:00:00 AM","1/29/2019 12:00:00 AM","","1/29/2019 12:00:00 AM","10/3/2019 12:00:00 AM","","","",8,"THE NATURE CONSERVANCY","Organization/Association","RABBIT HILL LLC","Limited Liability Company","",NA,"",0,"Acre-feet per Year",NA,NA,NA,NA,NA,"",NA,NA,NA,NA,NA,"","",NA,"",NA,NA,"",NA,"",NA,"","",0,2,"8/6/2020 2:08:08 PM",NA,NA,NA,0,"Primary Owner",594766,"1/29/2019 12:00:00 AM",NA,"RABBIT HILL LLC","","","RABBIT HILL LLC","Limited Liability Company","N",12,"Adjudicated","12/29/1932 12:00:00 AM","2/11/2019 3:53:11 PM","Domestic","",NA,"",NA,NA,NA,NA,NA,NA,NA,NA,NA,13.64,"Cubic Feet per Second","Existing","3/1","11/1",NA,"","",13.64,NA,0,"","",3,"474",74972,"Active","Surface","Diversion 474","Point of Direct Diversion","Existing","Class 1",NA,13.64,"Cubic Feet per Second",NA,NA,"","2/11/2019 3:44:58 PM",1,"J000025",175096,"474","N","",74972,"Siskiyou","",1,"Diversion 474",2511088,6460856,41.72265667,-122.36928198,"Nw","NE","",25,45,"N",5,"W","Mount Diablo","GIS_NE","FULLY APPROPRIATED STREAM,KLAMATH WATERSHED","Little Shasta River","","KLAMATH RIVER",180102070303,"Middle Little Shasta River",18010207,"Shasta","SOLOMONS TEMPLE","","","","","","","","",NA,"","","","","","","","","","",0
"25",66111,"J000026","","","","","Adjudicated","Adjudicated","RABBIT HILL LLC",16336,"J000026P016336","Change","Pending","Petitioner seeks requests to add fish and wildlife preservation and enhancement as an authorized purpose of use and add a stretch of the Little Shasta and Shasta River as an authorized place of use for the subject pre-1914 adjudicated water right, identified as Diversion 478 in Decree 7035. ","1/29/2019 12:00:00 AM","","No","Little Shasta River","Shasta","Middle Little Shasta River","KLAMATH RIVER","","RABBIT HILL LLC","Pending","Alexandre Balcerzak","Y","No",NA,NA,"","","",NA,"","",NA,"","","","","","","","","","","","","","",NA,"","","","",NA,NA,"N",NA,NA,"8/11/2020 9:57:26 AM","N","","Yes","1/9/2020 12:00:00 AM","Notice period closed.","No","","","No","","","No","","","No","","",NA,NA,"","","","","","","","",NA,NA,"","","","","","","","",NA,NA,"","","","","","","","",NA,"No","Alexandre Balcerzak","8/11/2020 9:57:26 AM","J000026",NA,"12/29/1932 12:00:00 AM","1/29/2019 12:00:00 AM","","1/29/2019 12:00:00 AM","10/3/2019 12:00:00 AM","","","",8,"THE NATURE CONSERVANCY","Organization/Association","RABBIT HILL LLC","Limited Liability Company","",NA,"",0,"Acre-feet per Year",NA,NA,NA,NA,NA,"",NA,NA,NA,NA,NA,"","",NA,"",NA,NA,"",NA,"",NA,"","",0,1,"8/6/2020 2:08:20 PM",NA,NA,NA,0,"Primary Owner",594766,"1/29/2019 12:00:00 AM",NA,"RABBIT HILL LLC","","","RABBIT HILL LLC","Limited Liability Company","N",12,"Adjudicated","12/29/1932 12:00:00 AM","2/13/2019 9:09:38 AM","Irrigation","",NA,"",NA,NA,NA,NA,NA,NA,239.2,NA,NA,2.983,"Cubic Feet per Second","Existing","3/1","11/1",NA,"","",2.983,NA,0,"","",2,"478",74990,"Active","Surface","Diversion 478","Point of Direct Diversion","Existing","Class 1",NA,2.983,"Cubic Feet per Second",NA,NA,"","2/13/2019 9:40:24 AM",1,"J000026",174779,"478","N","",74990,"Siskiyou","",1,"Diversion 478",2511088,6460856,41.72265667,-122.36928198,"Nw","NE","",25,45,"N",5,"W","Mount Diablo","GIS_NE","FULLY APPROPRIATED STREAM,KLAMATH WATERSHED","Little Shasta River","","KLAMATH RIVER",180102070303,"Middle Little Shasta River",18010207,"Shasta","SOLOMONS TEMPLE","","","","","","","","",NA,"","","","","","","","","","",0
